{
  "textures": "Ts",
  "environment": {
    "Obstacle_0": {
      "center_x": 0.0,
      "center_y": 0.0,
      "center_z": 0.0,
      "psi": 0.0,
      "length": 0.1,
      "width": 0.1,
      "height": 0.1,
      "type": "obstacle",
      "visible": true,
      "name": "Obstacle 1"
    },
    "Obstacle_1": {
      "center_x": 0.5,
      "center_y": 0.0,
      "center_z": 0.0,
      "psi": 0.0,
      "length": 0.1,
      "width": 0.1,
      "height": 0.1,
      "type": "obstacle",
      "visible": true,
      "name": "Obstacle 2"
    },
    "Obstacle_2": {
      "center_x": 1.0,
      "center_y": 0.0,
      "center_z": 0.0,
      "psi": 0.0,
      "length": 0.1,
      "width": 0.1,
      "height": 0.1,
      "type": "obstacle",
      "visible": true,
      "name": "Obstacle 3"
    },
    "Obstacle_3": {
      "center_x": 0.8333333333333321,
      "center_y": 0.8333333333333321,
      "center_z": -0.0004999999999997229,
      "psi": 0.0,
      "length": 1.6666666666666667,
      "width": 1.6666666666666667,
      "height": 0.001,
      "type": "obstacle",
      "visible": true,
      "name": "Floor 0_0"
    },
    "Obstacle_4": {
      "center_x": 0.8333333333333321,
      "center_y": 2.5,
      "center_z": -0.0004999999999997229,
      "psi": 0.0,
      "length": 1.6666666666666667,
      "width": 1.6666666666666667,
      "height": 0.001,
      "type": "obstacle",
      "visible": true,
      "name": "Floor 0_1"
    },
    "Obstacle_5": {
      "center_x": 2.5,
      "center_y": 0.8333333333333321,
      "center_z": -0.0004999999999997229,
      "psi": 0.0,
      "length": 1.6666666666666667,
      "width": 1.6666666666666667,
      "height": 0.001,
      "type": "obstacle",
      "visible": true,
      "name": "Floor 1_0"
    },
    "Obstacle_6": {
      "center_x": 2.5,
      "center_y": 2.5,
      "center_z": -0.0004999999999997229,
      "psi": 0.0,
      "length": 1.6666666666666667,
      "width": 1.6666666666666667,
      "height": 0.001,
      "type": "obstacle",
      "visible": true,
      "name": "Floor 1_1"
    },
    "Obstacle_7": {
      "center_x": -3.833333333333332,
      "center_y": 0.8333333333333321,
      "center_z": -0.0004999999999997229,
      "psi": 0.0,
      "length": 1.6666666666666667,
      "width": 1.6666666666666667,
      "height": 0.001,
      "type": "obstacle",
      "visible": true,
      "name": "Floor 2_0"
    },
    "Obstacle_8": {
      "center_x": -3.833333333333332,
      "center_y": 2.5,
      "center_z": -0.0004999999999997229,
      "psi": 0.0,
      "length": 1.6666666666666667,
      "width": 1.6666666666666667,
      "height": 0.001,
      "type": "obstacle",
      "visible": true,
      "name": "Floor 2_1"
    }
  },
  "robots": {
    "0": {
      "id": 0,
      "position": [
        0,
        0,
        0
      ],
      "length": 0.157,
      "width": 0.115,
      "height": 0.052,
      "psi": 0.0,
      "name": "robot0",
      "type": "TankRobot"
    }
  }
}